Specimen Collection Date,Age Group,New Confirmed Cases,Cumulative Confirmed Cases,Last Updated at
2020/03/12,51-60,2,6,08/09/2020 03:15:02 PM
2020/03/13,51-60,2,8,08/09/2020 03:15:02 PM
2020/03/14,51-60,1,9,08/09/2020 03:15:02 PM
2020/03/15,51-60,0,9,08/09/2020 03:15:02 PM
2020/03/16,51-60,8,17,08/09/2020 03:15:02 PM
2020/03/17,51-60,3,20,08/09/2020 03:15:02 PM
2020/03/18,51-60,4,24,08/09/2020 03:15:02 PM
2020/03/19,51-60,3,27,08/09/2020 03:15:02 PM
2020/03/20,51-60,4,31,08/09/2020 03:15:02 PM
2020/03/21,51-60,7,38,08/09/2020 03:15:02 PM
2020/03/22,51-60,5,43,08/09/2020 03:15:02 PM
2020/03/23,51-60,7,50,08/09/2020 03:15:02 PM
2020/03/24,51-60,6,56,08/09/2020 03:15:02 PM
2020/03/25,51-60,5,61,08/09/2020 03:15:02 PM
2020/03/26,51-60,9,70,08/09/2020 03:15:02 PM
2020/03/27,51-60,4,74,08/09/2020 03:15:02 PM
2020/03/28,51-60,6,80,08/09/2020 03:15:02 PM
2020/03/29,51-60,0,80,08/09/2020 03:15:02 PM
2020/03/30,51-60,6,86,08/09/2020 03:15:02 PM
2020/03/31,51-60,9,95,08/09/2020 03:15:02 PM
2020/04/01,51-60,5,100,08/09/2020 03:15:02 PM
2020/04/02,51-60,3,103,08/09/2020 03:15:02 PM
2020/04/03,51-60,5,108,08/09/2020 03:15:02 PM
2020/04/04,51-60,2,110,08/09/2020 03:15:02 PM
2020/04/05,51-60,4,114,08/09/2020 03:15:02 PM
2020/04/06,51-60,6,120,08/09/2020 03:15:02 PM
2020/04/07,51-60,5,125,08/09/2020 03:15:02 PM
2020/04/08,51-60,14,139,08/09/2020 03:15:02 PM
2020/04/09,51-60,16,155,08/09/2020 03:15:02 PM
2020/04/10,51-60,7,162,08/09/2020 03:15:02 PM
2020/04/11,51-60,3,165,08/09/2020 03:15:02 PM
2020/04/12,51-60,5,170,08/09/2020 03:15:02 PM
2020/04/13,51-60,3,173,08/09/2020 03:15:02 PM
2020/04/14,51-60,9,182,08/09/2020 03:15:02 PM
2020/04/15,51-60,3,185,08/09/2020 03:15:02 PM
2020/04/16,51-60,5,190,08/09/2020 03:15:02 PM
2020/04/17,51-60,6,196,08/09/2020 03:15:02 PM
2020/04/18,51-60,1,197,08/09/2020 03:15:02 PM
2020/04/19,51-60,9,206,08/09/2020 03:15:02 PM
2020/04/20,51-60,9,215,08/09/2020 03:15:02 PM
2020/04/21,51-60,5,220,08/09/2020 03:15:02 PM
2020/04/22,51-60,4,224,08/09/2020 03:15:02 PM
2020/04/23,51-60,5,229,08/09/2020 03:15:02 PM
2020/04/24,51-60,7,236,08/09/2020 03:15:02 PM
2020/04/25,51-60,5,241,08/09/2020 03:15:02 PM
2020/04/26,51-60,4,245,08/09/2020 03:15:02 PM
2020/04/27,51-60,3,248,08/09/2020 03:15:02 PM
2020/04/28,51-60,9,257,08/09/2020 03:15:02 PM
2020/04/29,51-60,6,263,08/09/2020 03:15:02 PM
2020/04/30,51-60,4,267,08/09/2020 03:15:02 PM
2020/05/01,51-60,5,272,08/09/2020 03:15:02 PM
2020/05/02,51-60,2,274,08/09/2020 03:15:02 PM
2020/05/03,51-60,3,277,08/09/2020 03:15:02 PM
2020/05/04,51-60,1,278,08/09/2020 03:15:02 PM
2020/05/05,51-60,6,284,08/09/2020 03:15:02 PM
2020/05/06,51-60,8,292,08/09/2020 03:15:02 PM
2020/05/07,51-60,5,297,08/09/2020 03:15:02 PM
2020/05/08,51-60,1,298,08/09/2020 03:15:02 PM
2020/05/09,51-60,1,299,08/09/2020 03:15:02 PM
2020/05/10,51-60,0,299,08/09/2020 03:15:02 PM
2020/05/11,51-60,7,306,08/09/2020 03:15:02 PM
2020/05/12,51-60,9,315,08/09/2020 03:15:02 PM
2020/05/13,51-60,5,320,08/09/2020 03:15:02 PM
2020/05/14,51-60,3,323,08/09/2020 03:15:02 PM
2020/05/15,51-60,1,324,08/09/2020 03:15:02 PM
2020/05/16,51-60,1,325,08/09/2020 03:15:02 PM
2020/05/17,51-60,0,325,08/09/2020 03:15:02 PM
2020/05/18,51-60,5,330,08/09/2020 03:15:02 PM
2020/05/19,51-60,2,332,08/09/2020 03:15:02 PM
2020/05/20,51-60,3,335,08/09/2020 03:15:02 PM
2020/05/21,51-60,3,338,08/09/2020 03:15:02 PM
2020/05/22,51-60,3,341,08/09/2020 03:15:02 PM
2020/05/23,51-60,2,343,08/09/2020 03:15:02 PM
2020/05/24,51-60,1,344,08/09/2020 03:15:02 PM
2020/05/25,51-60,1,345,08/09/2020 03:15:02 PM
2020/05/26,51-60,5,350,08/09/2020 03:15:02 PM
2020/05/27,51-60,3,353,08/09/2020 03:15:02 PM
2020/05/28,51-60,2,355,08/09/2020 03:15:02 PM
2020/05/29,51-60,2,357,08/09/2020 03:15:02 PM
2020/05/30,51-60,0,357,08/09/2020 03:15:02 PM
2020/05/31,51-60,1,358,08/09/2020 03:15:02 PM
2020/06/01,51-60,2,360,08/09/2020 03:15:02 PM
2020/06/02,51-60,5,365,08/09/2020 03:15:02 PM
2020/06/03,51-60,2,367,08/09/2020 03:15:02 PM
2020/06/04,51-60,8,375,08/09/2020 03:15:02 PM
2020/06/05,51-60,2,377,08/09/2020 03:15:02 PM
2020/06/06,51-60,1,378,08/09/2020 03:15:02 PM
2020/06/07,51-60,0,378,08/09/2020 03:15:02 PM
2020/06/08,51-60,2,380,08/09/2020 03:15:02 PM
2020/06/09,51-60,5,385,08/09/2020 03:15:02 PM
2020/06/10,51-60,1,386,08/09/2020 03:15:02 PM
2020/06/11,51-60,3,389,08/09/2020 03:15:02 PM
2020/06/12,51-60,1,390,08/09/2020 03:15:02 PM
2020/06/13,51-60,1,391,08/09/2020 03:15:02 PM
2020/06/14,51-60,1,392,08/09/2020 03:15:02 PM
2020/06/15,51-60,2,394,08/09/2020 03:15:02 PM
2020/06/16,51-60,1,395,08/09/2020 03:15:02 PM
2020/06/17,51-60,2,397,08/09/2020 03:15:02 PM
2020/06/18,51-60,5,402,08/09/2020 03:15:02 PM
2020/06/19,51-60,2,404,08/09/2020 03:15:02 PM
2020/06/20,51-60,4,408,08/09/2020 03:15:02 PM
2020/06/21,51-60,1,409,08/09/2020 03:15:02 PM
2020/06/22,51-60,17,426,08/09/2020 03:15:02 PM
2020/06/23,51-60,5,431,08/09/2020 03:15:02 PM
2020/06/24,51-60,2,433,08/09/2020 03:15:02 PM
2020/06/25,51-60,10,443,08/09/2020 03:15:02 PM
2020/06/26,51-60,6,449,08/09/2020 03:15:02 PM
2020/06/27,51-60,4,453,08/09/2020 03:15:02 PM
2020/06/28,51-60,7,460,08/09/2020 03:15:02 PM
2020/06/29,51-60,4,464,08/09/2020 03:15:02 PM
2020/06/30,51-60,6,470,08/09/2020 03:15:02 PM
2020/07/01,51-60,9,479,08/09/2020 03:15:02 PM
2020/07/02,51-60,10,489,08/09/2020 03:15:02 PM
2020/07/03,51-60,6,495,08/09/2020 03:15:02 PM
2020/07/04,51-60,9,504,08/09/2020 03:15:02 PM
2020/07/05,51-60,5,509,08/09/2020 03:15:02 PM
2020/07/06,51-60,14,523,08/09/2020 03:15:02 PM
2020/07/07,51-60,9,532,08/09/2020 03:15:02 PM
2020/07/08,51-60,13,545,08/09/2020 03:15:02 PM
2020/07/09,51-60,16,561,08/09/2020 03:15:02 PM
2020/07/10,51-60,12,573,08/09/2020 03:15:02 PM
2020/07/11,51-60,1,574,08/09/2020 03:15:02 PM
2020/07/12,51-60,8,582,08/09/2020 03:15:02 PM
2020/07/13,51-60,8,590,08/09/2020 03:15:02 PM
2020/07/14,51-60,13,603,08/09/2020 03:15:02 PM
2020/07/15,51-60,14,617,08/09/2020 03:15:02 PM
2020/07/16,51-60,18,635,08/09/2020 03:15:02 PM
2020/07/17,51-60,14,649,08/09/2020 03:15:02 PM
2020/07/18,51-60,9,658,08/09/2020 03:15:02 PM
2020/07/19,51-60,13,671,08/09/2020 03:15:02 PM
2020/07/20,51-60,17,688,08/09/2020 03:15:02 PM
2020/07/21,51-60,11,699,08/09/2020 03:15:02 PM
2020/07/22,51-60,16,715,08/09/2020 03:15:02 PM
2020/07/23,51-60,5,720,08/09/2020 03:15:02 PM
2020/07/24,51-60,19,739,08/09/2020 03:15:02 PM
2020/07/25,51-60,10,749,08/09/2020 03:15:02 PM
2020/07/26,51-60,5,754,08/09/2020 03:15:02 PM
2020/07/27,51-60,8,762,08/09/2020 03:15:02 PM
2020/07/28,51-60,17,779,08/09/2020 03:15:02 PM
2020/07/29,51-60,17,796,08/09/2020 03:15:02 PM
2020/07/30,51-60,18,814,08/09/2020 03:15:02 PM
2020/07/31,51-60,15,829,08/09/2020 03:15:02 PM
2020/08/01,51-60,5,834,08/09/2020 03:15:02 PM
2020/08/02,51-60,2,836,08/09/2020 03:15:02 PM
2020/08/03,51-60,11,847,08/09/2020 03:15:02 PM
2020/08/04,51-60,6,853,08/09/2020 03:15:02 PM
2020/08/05,51-60,9,862,08/09/2020 03:15:02 PM
2020/08/06,51-60,13,875,08/09/2020 03:15:02 PM
2020/08/07,51-60,2,877,08/09/2020 03:15:02 PM
2020/08/08,51-60,0,877,08/09/2020 03:15:02 PM
2020/03/15,71-80,3,6,08/09/2020 03:15:02 PM
2020/03/16,71-80,2,8,08/09/2020 03:15:02 PM
2020/03/17,71-80,1,9,08/09/2020 03:15:02 PM
2020/03/18,71-80,1,10,08/09/2020 03:15:02 PM
2020/03/19,71-80,2,12,08/09/2020 03:15:02 PM
2020/03/20,71-80,2,14,08/09/2020 03:15:02 PM
2020/03/21,71-80,1,15,08/09/2020 03:15:02 PM
2020/03/22,71-80,0,15,08/09/2020 03:15:02 PM
2020/03/23,71-80,3,18,08/09/2020 03:15:02 PM
2020/03/24,71-80,2,20,08/09/2020 03:15:02 PM
2020/03/25,71-80,3,23,08/09/2020 03:15:02 PM
2020/03/26,71-80,3,26,08/09/2020 03:15:02 PM
2020/03/27,71-80,2,28,08/09/2020 03:15:02 PM
2020/03/28,71-80,0,28,08/09/2020 03:15:02 PM
2020/03/29,71-80,4,32,08/09/2020 03:15:02 PM
2020/03/30,71-80,2,34,08/09/2020 03:15:02 PM
2020/03/31,71-80,3,37,08/09/2020 03:15:02 PM
2020/04/01,71-80,3,40,08/09/2020 03:15:02 PM
2020/04/02,71-80,3,43,08/09/2020 03:15:02 PM
2020/04/03,71-80,3,46,08/09/2020 03:15:02 PM
2020/04/04,71-80,0,46,08/09/2020 03:15:02 PM
2020/04/05,71-80,3,49,08/09/2020 03:15:02 PM
2020/04/06,71-80,4,53,08/09/2020 03:15:02 PM
2020/04/07,71-80,5,58,08/09/2020 03:15:02 PM
2020/04/08,71-80,4,62,08/09/2020 03:15:02 PM
2020/04/09,71-80,2,64,08/09/2020 03:15:02 PM
2020/04/10,71-80,1,65,08/09/2020 03:15:02 PM
2020/04/11,71-80,1,66,08/09/2020 03:15:02 PM
2020/04/12,71-80,3,69,08/09/2020 03:15:02 PM
2020/04/13,71-80,2,71,08/09/2020 03:15:02 PM
2020/04/14,71-80,3,74,08/09/2020 03:15:02 PM
2020/04/15,71-80,6,80,08/09/2020 03:15:02 PM
2020/04/16,71-80,0,80,08/09/2020 03:15:02 PM
2020/04/17,71-80,4,84,08/09/2020 03:15:02 PM
2020/04/18,71-80,0,84,08/09/2020 03:15:02 PM
2020/04/19,71-80,0,84,08/09/2020 03:15:02 PM
2020/04/20,71-80,1,85,08/09/2020 03:15:02 PM
2020/04/21,71-80,0,85,08/09/2020 03:15:02 PM
2020/04/22,71-80,1,86,08/09/2020 03:15:02 PM
2020/04/23,71-80,8,94,08/09/2020 03:15:02 PM
2020/04/24,71-80,5,99,08/09/2020 03:15:02 PM
2020/04/25,71-80,9,108,08/09/2020 03:15:02 PM
2020/04/26,71-80,1,109,08/09/2020 03:15:02 PM
2020/04/27,71-80,3,112,08/09/2020 03:15:02 PM
2020/04/28,71-80,4,116,08/09/2020 03:15:02 PM
2020/04/29,71-80,2,118,08/09/2020 03:15:02 PM
2020/04/30,71-80,3,121,08/09/2020 03:15:02 PM
2020/05/01,71-80,1,122,08/09/2020 03:15:02 PM
2020/05/02,71-80,0,122,08/09/2020 03:15:02 PM
2020/05/03,71-80,0,122,08/09/2020 03:15:02 PM
2020/05/04,71-80,0,122,08/09/2020 03:15:02 PM
2020/05/05,71-80,0,122,08/09/2020 03:15:02 PM
2020/05/06,71-80,0,122,08/09/2020 03:15:02 PM
2020/05/07,71-80,0,122,08/09/2020 03:15:02 PM
2020/05/08,71-80,0,122,08/09/2020 03:15:02 PM
2020/05/09,71-80,1,123,08/09/2020 03:15:02 PM
2020/05/10,71-80,0,123,08/09/2020 03:15:02 PM
2020/05/11,71-80,1,124,08/09/2020 03:15:02 PM
2020/05/12,71-80,6,130,08/09/2020 03:15:02 PM
2020/05/13,71-80,0,130,08/09/2020 03:15:02 PM
2020/05/14,71-80,1,131,08/09/2020 03:15:02 PM
2020/05/15,71-80,1,132,08/09/2020 03:15:02 PM
2020/05/16,71-80,0,132,08/09/2020 03:15:02 PM
2020/05/17,71-80,2,134,08/09/2020 03:15:02 PM
2020/05/18,71-80,2,136,08/09/2020 03:15:02 PM
2020/05/19,71-80,1,137,08/09/2020 03:15:02 PM
2020/05/20,71-80,0,137,08/09/2020 03:15:02 PM
2020/05/21,71-80,0,137,08/09/2020 03:15:02 PM
2020/05/22,71-80,1,138,08/09/2020 03:15:02 PM
2020/05/23,71-80,0,138,08/09/2020 03:15:02 PM
2020/05/24,71-80,1,139,08/09/2020 03:15:02 PM
2020/05/25,71-80,0,139,08/09/2020 03:15:02 PM
2020/05/26,71-80,2,141,08/09/2020 03:15:02 PM
2020/05/27,71-80,3,144,08/09/2020 03:15:02 PM
2020/05/28,71-80,0,144,08/09/2020 03:15:02 PM
2020/05/29,71-80,1,145,08/09/2020 03:15:02 PM
2020/05/30,71-80,0,145,08/09/2020 03:15:02 PM
2020/05/31,71-80,1,146,08/09/2020 03:15:02 PM
2020/06/01,71-80,3,149,08/09/2020 03:15:02 PM
2020/06/02,71-80,1,150,08/09/2020 03:15:02 PM
2020/06/03,71-80,2,152,08/09/2020 03:15:02 PM
2020/06/04,71-80,1,153,08/09/2020 03:15:02 PM
2020/06/05,71-80,1,154,08/09/2020 03:15:02 PM
2020/06/06,71-80,1,155,08/09/2020 03:15:02 PM
2020/06/07,71-80,0,155,08/09/2020 03:15:02 PM
2020/06/08,71-80,2,157,08/09/2020 03:15:02 PM
2020/06/09,71-80,2,159,08/09/2020 03:15:02 PM
2020/06/10,71-80,0,159,08/09/2020 03:15:02 PM
2020/06/11,71-80,0,159,08/09/2020 03:15:02 PM
2020/06/12,71-80,0,159,08/09/2020 03:15:02 PM
2020/06/13,71-80,0,159,08/09/2020 03:15:02 PM
2020/06/14,71-80,0,159,08/09/2020 03:15:02 PM
2020/06/15,71-80,0,159,08/09/2020 03:15:02 PM
2020/06/16,71-80,2,161,08/09/2020 03:15:02 PM
2020/06/17,71-80,2,163,08/09/2020 03:15:02 PM
2020/06/18,71-80,1,164,08/09/2020 03:15:02 PM
2020/06/19,71-80,2,166,08/09/2020 03:15:02 PM
2020/06/20,71-80,0,166,08/09/2020 03:15:02 PM
2020/06/21,71-80,0,166,08/09/2020 03:15:02 PM
2020/06/22,71-80,5,171,08/09/2020 03:15:02 PM
2020/06/23,71-80,3,174,08/09/2020 03:15:02 PM
2020/06/24,71-80,1,175,08/09/2020 03:15:02 PM
2020/06/25,71-80,4,179,08/09/2020 03:15:02 PM
2020/06/26,71-80,4,183,08/09/2020 03:15:02 PM
2020/06/27,71-80,1,184,08/09/2020 03:15:02 PM
2020/06/28,71-80,1,185,08/09/2020 03:15:02 PM
2020/06/29,71-80,3,188,08/09/2020 03:15:02 PM
2020/06/30,71-80,3,191,08/09/2020 03:15:02 PM
2020/07/01,71-80,0,191,08/09/2020 03:15:02 PM
2020/07/02,71-80,0,191,08/09/2020 03:15:02 PM
2020/07/03,71-80,1,192,08/09/2020 03:15:02 PM
2020/07/04,71-80,0,192,08/09/2020 03:15:02 PM
2020/07/05,71-80,0,192,08/09/2020 03:15:02 PM
2020/07/06,71-80,2,194,08/09/2020 03:15:02 PM
2020/07/07,71-80,0,194,08/09/2020 03:15:02 PM
2020/07/08,71-80,6,200,08/09/2020 03:15:02 PM
2020/07/09,71-80,2,202,08/09/2020 03:15:02 PM
2020/07/10,71-80,1,203,08/09/2020 03:15:02 PM
2020/07/11,71-80,1,204,08/09/2020 03:15:02 PM
2020/07/12,71-80,1,205,08/09/2020 03:15:02 PM
2020/07/13,71-80,1,206,08/09/2020 03:15:02 PM
2020/07/14,71-80,1,207,08/09/2020 03:15:02 PM
2020/07/15,71-80,2,209,08/09/2020 03:15:02 PM
2020/07/16,71-80,4,213,08/09/2020 03:15:02 PM
2020/07/17,71-80,2,215,08/09/2020 03:15:02 PM
2020/07/18,71-80,1,216,08/09/2020 03:15:02 PM
2020/07/19,71-80,2,218,08/09/2020 03:15:02 PM
2020/07/20,71-80,4,222,08/09/2020 03:15:02 PM
2020/07/21,71-80,1,223,08/09/2020 03:15:02 PM
2020/07/22,71-80,4,227,08/09/2020 03:15:02 PM
2020/07/23,71-80,2,229,08/09/2020 03:15:02 PM
2020/07/24,71-80,3,232,08/09/2020 03:15:02 PM
2020/07/25,71-80,3,235,08/09/2020 03:15:02 PM
2020/07/26,71-80,1,236,08/09/2020 03:15:02 PM
2020/07/27,71-80,0,236,08/09/2020 03:15:02 PM
2020/07/28,71-80,6,242,08/09/2020 03:15:02 PM
2020/07/29,71-80,1,243,08/09/2020 03:15:02 PM
2020/07/30,71-80,2,245,08/09/2020 03:15:02 PM
2020/07/31,71-80,2,247,08/09/2020 03:15:02 PM
2020/08/01,71-80,5,252,08/09/2020 03:15:02 PM
2020/08/02,71-80,3,255,08/09/2020 03:15:02 PM
2020/08/03,71-80,5,260,08/09/2020 03:15:02 PM
2020/08/04,71-80,1,261,08/09/2020 03:15:02 PM
2020/08/05,71-80,2,263,08/09/2020 03:15:02 PM
2020/08/06,71-80,5,268,08/09/2020 03:15:02 PM
2020/08/07,71-80,1,269,08/09/2020 03:15:02 PM
2020/08/08,71-80,0,269,08/09/2020 03:15:02 PM
2020/03/11,31-40,3,7,08/09/2020 03:15:02 PM
2020/03/12,31-40,1,8,08/09/2020 03:15:02 PM
2020/03/13,31-40,3,11,08/09/2020 03:15:02 PM
2020/03/14,31-40,2,13,08/09/2020 03:15:02 PM
2020/03/15,31-40,4,17,08/09/2020 03:15:02 PM
2020/03/16,31-40,15,32,08/09/2020 03:15:02 PM
2020/03/17,31-40,13,45,08/09/2020 03:15:02 PM
2020/03/18,31-40,4,49,08/09/2020 03:15:02 PM
2020/03/19,31-40,5,54,08/09/2020 03:15:02 PM
2020/03/20,31-40,8,62,08/09/2020 03:15:02 PM
2020/03/21,31-40,4,66,08/09/2020 03:15:02 PM
2020/03/22,31-40,2,68,08/09/2020 03:15:02 PM
2020/03/23,31-40,7,75,08/09/2020 03:15:02 PM
2020/03/24,31-40,14,89,08/09/2020 03:15:02 PM
2020/03/25,31-40,10,99,08/09/2020 03:15:02 PM
2020/03/26,31-40,8,107,08/09/2020 03:15:02 PM
2020/03/27,31-40,7,114,08/09/2020 03:15:02 PM
2020/03/28,31-40,2,116,08/09/2020 03:15:02 PM
2020/03/29,31-40,2,118,08/09/2020 03:15:02 PM
2020/03/30,31-40,8,126,08/09/2020 03:15:02 PM
2020/03/31,31-40,13,139,08/09/2020 03:15:02 PM
2020/04/01,31-40,7,146,08/09/2020 03:15:02 PM
2020/04/02,31-40,10,156,08/09/2020 03:15:02 PM
2020/04/03,31-40,9,165,08/09/2020 03:15:02 PM
2020/04/04,31-40,4,169,08/09/2020 03:15:02 PM
2020/04/05,31-40,10,179,08/09/2020 03:15:02 PM
2020/04/06,31-40,9,188,08/09/2020 03:15:02 PM
2020/04/07,31-40,11,199,08/09/2020 03:15:02 PM
2020/04/08,31-40,15,214,08/09/2020 03:15:02 PM
2020/04/09,31-40,11,225,08/09/2020 03:15:02 PM
2020/04/10,31-40,7,232,08/09/2020 03:15:02 PM
2020/04/11,31-40,8,240,08/09/2020 03:15:02 PM
2020/04/12,31-40,4,244,08/09/2020 03:15:02 PM
2020/04/13,31-40,6,250,08/09/2020 03:15:02 PM
2020/04/14,31-40,8,258,08/09/2020 03:15:02 PM
2020/04/15,31-40,11,269,08/09/2020 03:15:02 PM
2020/04/16,31-40,11,280,08/09/2020 03:15:02 PM
2020/04/17,31-40,13,293,08/09/2020 03:15:02 PM
2020/04/18,31-40,3,296,08/09/2020 03:15:02 PM
2020/04/19,31-40,5,301,08/09/2020 03:15:02 PM
2020/04/20,31-40,6,307,08/09/2020 03:15:02 PM
2020/04/21,31-40,4,311,08/09/2020 03:15:02 PM
2020/04/22,31-40,7,318,08/09/2020 03:15:02 PM
2020/04/23,31-40,10,328,08/09/2020 03:15:02 PM
2020/04/24,31-40,7,335,08/09/2020 03:15:02 PM
2020/04/25,31-40,6,341,08/09/2020 03:15:02 PM
2020/04/26,31-40,9,350,08/09/2020 03:15:02 PM
2020/04/27,31-40,8,358,08/09/2020 03:15:02 PM
2020/04/28,31-40,16,374,08/09/2020 03:15:02 PM
2020/04/29,31-40,8,382,08/09/2020 03:15:02 PM
2020/04/30,31-40,9,391,08/09/2020 03:15:02 PM
2020/05/01,31-40,11,402,08/09/2020 03:15:02 PM
2020/05/02,31-40,17,419,08/09/2020 03:15:02 PM
2020/05/03,31-40,6,425,08/09/2020 03:15:02 PM
2020/05/04,31-40,9,434,08/09/2020 03:15:02 PM
2020/05/05,31-40,12,446,08/09/2020 03:15:02 PM
2020/05/06,31-40,10,456,08/09/2020 03:15:02 PM
2020/05/07,31-40,11,467,08/09/2020 03:15:02 PM
2020/05/08,31-40,6,473,08/09/2020 03:15:02 PM
2020/05/09,31-40,2,475,08/09/2020 03:15:02 PM
2020/05/10,31-40,2,477,08/09/2020 03:15:02 PM
2020/05/11,31-40,10,487,08/09/2020 03:15:02 PM
2020/05/12,31-40,10,497,08/09/2020 03:15:02 PM
2020/05/13,31-40,9,506,08/09/2020 03:15:02 PM
2020/05/14,31-40,6,512,08/09/2020 03:15:02 PM
2020/05/15,31-40,14,526,08/09/2020 03:15:02 PM
2020/05/16,31-40,4,530,08/09/2020 03:15:02 PM
2020/05/17,31-40,4,534,08/09/2020 03:15:02 PM
2020/05/18,31-40,10,544,08/09/2020 03:15:02 PM
2020/05/19,31-40,3,547,08/09/2020 03:15:02 PM
2020/05/20,31-40,8,555,08/09/2020 03:15:02 PM
2020/05/21,31-40,2,557,08/09/2020 03:15:02 PM
2020/05/22,31-40,7,564,08/09/2020 03:15:02 PM
2020/05/23,31-40,3,567,08/09/2020 03:15:02 PM
2020/05/24,31-40,2,569,08/09/2020 03:15:02 PM
2020/05/25,31-40,1,570,08/09/2020 03:15:02 PM
2020/05/26,31-40,14,584,08/09/2020 03:15:02 PM
2020/05/27,31-40,10,594,08/09/2020 03:15:02 PM
2020/05/28,31-40,6,600,08/09/2020 03:15:02 PM
2020/05/29,31-40,9,609,08/09/2020 03:15:02 PM
2020/05/30,31-40,8,617,08/09/2020 03:15:02 PM
2020/05/31,31-40,9,626,08/09/2020 03:15:02 PM
2020/06/01,31-40,8,634,08/09/2020 03:15:02 PM
2020/06/02,31-40,8,642,08/09/2020 03:15:02 PM
2020/06/03,31-40,10,652,08/09/2020 03:15:02 PM
2020/06/04,31-40,9,661,08/09/2020 03:15:02 PM
2020/06/05,31-40,4,665,08/09/2020 03:15:02 PM
2020/06/06,31-40,2,667,08/09/2020 03:15:02 PM
2020/06/07,31-40,3,670,08/09/2020 03:15:02 PM
2020/06/08,31-40,4,674,08/09/2020 03:15:02 PM
2020/06/09,31-40,7,681,08/09/2020 03:15:02 PM
2020/06/10,31-40,2,683,08/09/2020 03:15:02 PM
2020/06/11,31-40,8,691,08/09/2020 03:15:02 PM
2020/06/12,31-40,9,700,08/09/2020 03:15:02 PM
2020/06/13,31-40,8,708,08/09/2020 03:15:02 PM
2020/06/14,31-40,5,713,08/09/2020 03:15:02 PM
2020/06/15,31-40,7,720,08/09/2020 03:15:02 PM
2020/06/16,31-40,6,726,08/09/2020 03:15:02 PM
2020/06/17,31-40,14,740,08/09/2020 03:15:02 PM
2020/06/18,31-40,12,752,08/09/2020 03:15:02 PM
2020/06/19,31-40,10,762,08/09/2020 03:15:02 PM
2020/06/20,31-40,10,772,08/09/2020 03:15:02 PM
2020/06/21,31-40,5,777,08/09/2020 03:15:02 PM
2020/06/22,31-40,24,801,08/09/2020 03:15:02 PM
2020/06/23,31-40,15,816,08/09/2020 03:15:02 PM
2020/06/24,31-40,15,831,08/09/2020 03:15:02 PM
2020/06/25,31-40,14,845,08/09/2020 03:15:02 PM
2020/06/26,31-40,21,866,08/09/2020 03:15:02 PM
2020/06/27,31-40,14,880,08/09/2020 03:15:02 PM
2020/06/28,31-40,2,882,08/09/2020 03:15:02 PM
2020/06/29,31-40,24,906,08/09/2020 03:15:02 PM
2020/06/30,31-40,27,933,08/09/2020 03:15:02 PM
2020/07/01,31-40,19,952,08/09/2020 03:15:02 PM
2020/07/02,31-40,27,979,08/09/2020 03:15:02 PM
2020/07/03,31-40,16,995,08/09/2020 03:15:02 PM
2020/07/04,31-40,7,1002,08/09/2020 03:15:02 PM
2020/07/05,31-40,11,1013,08/09/2020 03:15:02 PM
2020/07/06,31-40,18,1031,08/09/2020 03:15:02 PM
2020/07/07,31-40,26,1057,08/09/2020 03:15:02 PM
2020/07/08,31-40,35,1092,08/09/2020 03:15:02 PM
2020/07/09,31-40,26,1118,08/09/2020 03:15:02 PM
2020/07/10,31-40,26,1144,08/09/2020 03:15:02 PM
2020/07/11,31-40,17,1161,08/09/2020 03:15:02 PM
2020/07/12,31-40,16,1177,08/09/2020 03:15:02 PM
2020/07/13,31-40,40,1217,08/09/2020 03:15:02 PM
2020/07/14,31-40,46,1263,08/09/2020 03:15:02 PM
2020/07/15,31-40,35,1298,08/09/2020 03:15:02 PM
2020/07/16,31-40,32,1330,08/09/2020 03:15:02 PM
2020/07/17,31-40,41,1371,08/09/2020 03:15:02 PM
2020/07/18,31-40,20,1391,08/09/2020 03:15:02 PM
2020/07/19,31-40,15,1406,08/09/2020 03:15:02 PM
2020/07/20,31-40,36,1442,08/09/2020 03:15:02 PM
2020/07/21,31-40,35,1477,08/09/2020 03:15:02 PM
2020/07/22,31-40,27,1504,08/09/2020 03:15:02 PM
2020/07/23,31-40,35,1539,08/09/2020 03:15:02 PM
2020/07/24,31-40,25,1564,08/09/2020 03:15:02 PM
2020/07/25,31-40,15,1579,08/09/2020 03:15:02 PM
2020/07/26,31-40,19,1598,08/09/2020 03:15:02 PM
2020/07/27,31-40,21,1619,08/09/2020 03:15:02 PM
2020/07/28,31-40,18,1637,08/09/2020 03:15:02 PM
2020/07/29,31-40,24,1661,08/09/2020 03:15:02 PM
2020/07/30,31-40,27,1688,08/09/2020 03:15:02 PM
2020/07/31,31-40,26,1714,08/09/2020 03:15:02 PM
2020/08/01,31-40,15,1729,08/09/2020 03:15:02 PM
2020/08/02,31-40,8,1737,08/09/2020 03:15:02 PM
2020/08/03,31-40,24,1761,08/09/2020 03:15:02 PM
2020/08/04,31-40,16,1777,08/09/2020 03:15:02 PM
2020/08/05,31-40,21,1798,08/09/2020 03:15:02 PM
2020/08/06,31-40,13,1811,08/09/2020 03:15:02 PM
2020/08/07,31-40,9,1820,08/09/2020 03:15:02 PM
2020/08/08,31-40,0,1820,08/09/2020 03:15:02 PM
2020/03/07,18-30,3,5,08/09/2020 03:15:02 PM
2020/03/08,18-30,0,5,08/09/2020 03:15:02 PM
2020/03/09,18-30,0,5,08/09/2020 03:15:02 PM
2020/03/10,18-30,0,5,08/09/2020 03:15:02 PM
2020/03/11,18-30,3,8,08/09/2020 03:15:02 PM
2020/03/12,18-30,0,8,08/09/2020 03:15:02 PM
2020/03/13,18-30,3,11,08/09/2020 03:15:02 PM
2020/03/14,18-30,4,15,08/09/2020 03:15:02 PM
2020/03/15,18-30,2,17,08/09/2020 03:15:02 PM
2020/03/16,18-30,2,19,08/09/2020 03:15:02 PM
2020/03/17,18-30,4,23,08/09/2020 03:15:02 PM
2020/03/18,18-30,6,29,08/09/2020 03:15:02 PM
2020/03/19,18-30,3,32,08/09/2020 03:15:02 PM
2020/03/20,18-30,8,40,08/09/2020 03:15:02 PM
2020/03/21,18-30,2,42,08/09/2020 03:15:02 PM
2020/03/22,18-30,6,48,08/09/2020 03:15:02 PM
2020/03/23,18-30,7,55,08/09/2020 03:15:02 PM
2020/03/24,18-30,8,63,08/09/2020 03:15:02 PM
2020/03/25,18-30,6,69,08/09/2020 03:15:02 PM
2020/03/26,18-30,6,75,08/09/2020 03:15:02 PM
2020/03/27,18-30,4,79,08/09/2020 03:15:02 PM
2020/03/28,18-30,4,83,08/09/2020 03:15:02 PM
2020/03/29,18-30,2,85,08/09/2020 03:15:02 PM
2020/03/30,18-30,7,92,08/09/2020 03:15:02 PM
2020/03/31,18-30,10,102,08/09/2020 03:15:02 PM
2020/04/01,18-30,10,112,08/09/2020 03:15:02 PM
2020/04/02,18-30,7,119,08/09/2020 03:15:02 PM
2020/04/03,18-30,3,122,08/09/2020 03:15:02 PM
2020/04/04,18-30,2,124,08/09/2020 03:15:02 PM
2020/04/05,18-30,9,133,08/09/2020 03:15:02 PM
2020/04/06,18-30,9,142,08/09/2020 03:15:02 PM
2020/04/07,18-30,11,153,08/09/2020 03:15:02 PM
2020/04/08,18-30,6,159,08/09/2020 03:15:02 PM
2020/04/09,18-30,13,172,08/09/2020 03:15:02 PM
2020/04/10,18-30,2,174,08/09/2020 03:15:02 PM
2020/04/11,18-30,5,179,08/09/2020 03:15:02 PM
2020/04/12,18-30,3,182,08/09/2020 03:15:02 PM
2020/04/13,18-30,4,186,08/09/2020 03:15:02 PM
2020/04/14,18-30,4,190,08/09/2020 03:15:02 PM
2020/04/15,18-30,3,193,08/09/2020 03:15:02 PM
2020/04/16,18-30,6,199,08/09/2020 03:15:02 PM
2020/04/17,18-30,7,206,08/09/2020 03:15:02 PM
2020/04/18,18-30,1,207,08/09/2020 03:15:02 PM
2020/04/19,18-30,2,209,08/09/2020 03:15:02 PM
2020/04/20,18-30,6,215,08/09/2020 03:15:02 PM
2020/04/21,18-30,7,222,08/09/2020 03:15:02 PM
2020/04/22,18-30,3,225,08/09/2020 03:15:02 PM
2020/04/23,18-30,5,230,08/09/2020 03:15:02 PM
2020/04/24,18-30,8,238,08/09/2020 03:15:02 PM
2020/04/25,18-30,3,241,08/09/2020 03:15:02 PM
2020/04/26,18-30,7,248,08/09/2020 03:15:02 PM
2020/04/27,18-30,9,257,08/09/2020 03:15:02 PM
2020/04/28,18-30,23,280,08/09/2020 03:15:02 PM
2020/04/29,18-30,14,294,08/09/2020 03:15:02 PM
2020/04/30,18-30,10,304,08/09/2020 03:15:02 PM
2020/05/01,18-30,2,306,08/09/2020 03:15:02 PM
2020/05/02,18-30,10,316,08/09/2020 03:15:02 PM
2020/05/03,18-30,0,316,08/09/2020 03:15:02 PM
2020/05/04,18-30,9,325,08/09/2020 03:15:02 PM
2020/05/05,18-30,10,335,08/09/2020 03:15:02 PM
2020/05/06,18-30,13,348,08/09/2020 03:15:02 PM
2020/05/07,18-30,2,350,08/09/2020 03:15:02 PM
2020/05/08,18-30,6,356,08/09/2020 03:15:02 PM
2020/05/09,18-30,2,358,08/09/2020 03:15:02 PM
2020/05/10,18-30,2,360,08/09/2020 03:15:02 PM
2020/05/11,18-30,3,363,08/09/2020 03:15:02 PM
2020/05/12,18-30,7,370,08/09/2020 03:15:02 PM
2020/05/13,18-30,6,376,08/09/2020 03:15:02 PM
2020/05/14,18-30,10,386,08/09/2020 03:15:02 PM
2020/05/15,18-30,4,390,08/09/2020 03:15:02 PM
2020/05/16,18-30,0,390,08/09/2020 03:15:02 PM
2020/05/17,18-30,2,392,08/09/2020 03:15:02 PM
2020/05/18,18-30,11,403,08/09/2020 03:15:02 PM
2020/05/19,18-30,12,415,08/09/2020 03:15:02 PM
2020/05/20,18-30,8,423,08/09/2020 03:15:02 PM
2020/05/21,18-30,8,431,08/09/2020 03:15:02 PM
2020/05/22,18-30,11,442,08/09/2020 03:15:02 PM
2020/05/23,18-30,6,448,08/09/2020 03:15:02 PM
2020/05/24,18-30,4,452,08/09/2020 03:15:02 PM
2020/05/25,18-30,4,456,08/09/2020 03:15:02 PM
2020/05/26,18-30,10,466,08/09/2020 03:15:02 PM
2020/05/27,18-30,6,472,08/09/2020 03:15:02 PM
2020/05/28,18-30,5,477,08/09/2020 03:15:02 PM
2020/05/29,18-30,8,485,08/09/2020 03:15:02 PM
2020/05/30,18-30,7,492,08/09/2020 03:15:02 PM
2020/05/31,18-30,5,497,08/09/2020 03:15:02 PM
2020/06/01,18-30,12,509,08/09/2020 03:15:02 PM
2020/06/02,18-30,9,518,08/09/2020 03:15:02 PM
2020/06/03,18-30,7,525,08/09/2020 03:15:02 PM
2020/06/04,18-30,12,537,08/09/2020 03:15:02 PM
2020/06/05,18-30,9,546,08/09/2020 03:15:02 PM
2020/06/06,18-30,2,548,08/09/2020 03:15:02 PM
2020/06/07,18-30,6,554,08/09/2020 03:15:02 PM
2020/06/08,18-30,13,567,08/09/2020 03:15:02 PM
2020/06/09,18-30,6,573,08/09/2020 03:15:02 PM
2020/06/10,18-30,5,578,08/09/2020 03:15:02 PM
2020/06/11,18-30,5,583,08/09/2020 03:15:02 PM
2020/06/12,18-30,3,586,08/09/2020 03:15:02 PM
2020/06/13,18-30,5,591,08/09/2020 03:15:02 PM
2020/06/14,18-30,5,596,08/09/2020 03:15:02 PM
2020/06/15,18-30,10,606,08/09/2020 03:15:02 PM
2020/06/16,18-30,17,623,08/09/2020 03:15:02 PM
2020/06/17,18-30,14,637,08/09/2020 03:15:02 PM
2020/06/18,18-30,14,651,08/09/2020 03:15:02 PM
2020/06/19,18-30,12,663,08/09/2020 03:15:02 PM
2020/06/20,18-30,14,677,08/09/2020 03:15:02 PM
2020/06/21,18-30,16,693,08/09/2020 03:15:02 PM
2020/06/22,18-30,26,719,08/09/2020 03:15:02 PM
2020/06/23,18-30,18,737,08/09/2020 03:15:02 PM
2020/06/24,18-30,20,757,08/09/2020 03:15:02 PM
2020/06/25,18-30,25,782,08/09/2020 03:15:02 PM
2020/06/26,18-30,19,801,08/09/2020 03:15:02 PM
2020/06/27,18-30,16,817,08/09/2020 03:15:02 PM
2020/06/28,18-30,13,830,08/09/2020 03:15:02 PM
2020/06/29,18-30,19,849,08/09/2020 03:15:02 PM
2020/06/30,18-30,26,875,08/09/2020 03:15:02 PM
2020/07/01,18-30,23,898,08/09/2020 03:15:02 PM
2020/07/02,18-30,38,936,08/09/2020 03:15:02 PM
2020/07/03,18-30,22,958,08/09/2020 03:15:02 PM
2020/07/04,18-30,10,968,08/09/2020 03:15:02 PM
2020/07/05,18-30,16,984,08/09/2020 03:15:02 PM
2020/07/06,18-30,24,1008,08/09/2020 03:15:02 PM
2020/07/07,18-30,37,1045,08/09/2020 03:15:02 PM
2020/07/08,18-30,30,1075,08/09/2020 03:15:02 PM
2020/07/09,18-30,36,1111,08/09/2020 03:15:02 PM
2020/07/10,18-30,35,1146,08/09/2020 03:15:02 PM
2020/07/11,18-30,18,1164,08/09/2020 03:15:02 PM
2020/07/12,18-30,14,1178,08/09/2020 03:15:02 PM
2020/07/13,18-30,35,1213,08/09/2020 03:15:02 PM
2020/07/14,18-30,41,1254,08/09/2020 03:15:02 PM
2020/07/15,18-30,44,1298,08/09/2020 03:15:02 PM
2020/07/16,18-30,38,1336,08/09/2020 03:15:02 PM
2020/07/17,18-30,38,1374,08/09/2020 03:15:02 PM
2020/07/18,18-30,19,1393,08/09/2020 03:15:02 PM
2020/07/19,18-30,15,1408,08/09/2020 03:15:02 PM
2020/07/20,18-30,35,1443,08/09/2020 03:15:02 PM
2020/07/21,18-30,26,1469,08/09/2020 03:15:02 PM
2020/07/22,18-30,34,1503,08/09/2020 03:15:02 PM
2020/07/23,18-30,33,1536,08/09/2020 03:15:02 PM
2020/07/24,18-30,29,1565,08/09/2020 03:15:02 PM
2020/07/25,18-30,22,1587,08/09/2020 03:15:02 PM
2020/07/26,18-30,19,1606,08/09/2020 03:15:02 PM
2020/07/27,18-30,32,1638,08/09/2020 03:15:02 PM
2020/07/28,18-30,20,1658,08/09/2020 03:15:02 PM
2020/07/29,18-30,29,1687,08/09/2020 03:15:02 PM
2020/07/30,18-30,22,1709,08/09/2020 03:15:02 PM
2020/07/31,18-30,29,1738,08/09/2020 03:15:02 PM
2020/08/01,18-30,18,1756,08/09/2020 03:15:02 PM
2020/08/02,18-30,12,1768,08/09/2020 03:15:02 PM
2020/08/03,18-30,29,1797,08/09/2020 03:15:02 PM
2020/08/04,18-30,17,1814,08/09/2020 03:15:02 PM
2020/08/05,18-30,27,1841,08/09/2020 03:15:02 PM
2020/08/06,18-30,24,1865,08/09/2020 03:15:02 PM
2020/08/07,18-30,5,1870,08/09/2020 03:15:02 PM
2020/08/08,18-30,0,1870,08/09/2020 03:15:02 PM
2020/03/18,81+,1,5,08/09/2020 03:15:02 PM
2020/03/19,81+,1,6,08/09/2020 03:15:02 PM
2020/03/20,81+,0,6,08/09/2020 03:15:02 PM
2020/03/21,81+,1,7,08/09/2020 03:15:02 PM
2020/03/22,81+,2,9,08/09/2020 03:15:02 PM
2020/03/23,81+,1,10,08/09/2020 03:15:02 PM
2020/03/24,81+,1,11,08/09/2020 03:15:02 PM
2020/03/25,81+,1,12,08/09/2020 03:15:02 PM
2020/03/26,81+,4,16,08/09/2020 03:15:02 PM
2020/03/27,81+,1,17,08/09/2020 03:15:02 PM
2020/03/28,81+,1,18,08/09/2020 03:15:02 PM
2020/03/29,81+,2,20,08/09/2020 03:15:02 PM
2020/03/30,81+,1,21,08/09/2020 03:15:02 PM
2020/03/31,81+,2,23,08/09/2020 03:15:02 PM
2020/04/01,81+,2,25,08/09/2020 03:15:02 PM
2020/04/02,81+,2,27,08/09/2020 03:15:02 PM
2020/04/03,81+,0,27,08/09/2020 03:15:02 PM
2020/04/04,81+,1,28,08/09/2020 03:15:02 PM
2020/04/05,81+,2,30,08/09/2020 03:15:02 PM
2020/04/06,81+,2,32,08/09/2020 03:15:02 PM
2020/04/07,81+,4,36,08/09/2020 03:15:02 PM
2020/04/08,81+,1,37,08/09/2020 03:15:02 PM
2020/04/09,81+,1,38,08/09/2020 03:15:02 PM
2020/04/10,81+,0,38,08/09/2020 03:15:02 PM
2020/04/11,81+,2,40,08/09/2020 03:15:02 PM
2020/04/12,81+,2,42,08/09/2020 03:15:02 PM
2020/04/13,81+,2,44,08/09/2020 03:15:02 PM
2020/04/14,81+,5,49,08/09/2020 03:15:02 PM
2020/04/15,81+,14,63,08/09/2020 03:15:02 PM
2020/04/16,81+,2,65,08/09/2020 03:15:02 PM
2020/04/17,81+,3,68,08/09/2020 03:15:02 PM
2020/04/18,81+,1,69,08/09/2020 03:15:02 PM
2020/04/19,81+,3,72,08/09/2020 03:15:02 PM
2020/04/20,81+,2,74,08/09/2020 03:15:02 PM
2020/04/21,81+,2,76,08/09/2020 03:15:02 PM
2020/04/22,81+,1,77,08/09/2020 03:15:02 PM
2020/04/23,81+,5,82,08/09/2020 03:15:02 PM
2020/04/24,81+,2,84,08/09/2020 03:15:02 PM
2020/04/25,81+,8,92,08/09/2020 03:15:02 PM
2020/04/26,81+,1,93,08/09/2020 03:15:02 PM
2020/04/27,81+,2,95,08/09/2020 03:15:02 PM
2020/04/28,81+,1,96,08/09/2020 03:15:02 PM
2020/04/29,81+,1,97,08/09/2020 03:15:02 PM
2020/04/30,81+,0,97,08/09/2020 03:15:02 PM
2020/05/01,81+,2,99,08/09/2020 03:15:02 PM
2020/05/02,81+,1,100,08/09/2020 03:15:02 PM
2020/05/03,81+,0,100,08/09/2020 03:15:02 PM
2020/05/04,81+,1,101,08/09/2020 03:15:02 PM
2020/05/05,81+,0,101,08/09/2020 03:15:02 PM
2020/05/06,81+,1,102,08/09/2020 03:15:02 PM
2020/05/07,81+,0,102,08/09/2020 03:15:02 PM
2020/05/08,81+,0,102,08/09/2020 03:15:02 PM
2020/05/09,81+,1,103,08/09/2020 03:15:02 PM
2020/05/10,81+,0,103,08/09/2020 03:15:02 PM
2020/05/11,81+,0,103,08/09/2020 03:15:02 PM
2020/05/12,81+,8,111,08/09/2020 03:15:02 PM
2020/05/13,81+,0,111,08/09/2020 03:15:02 PM
2020/05/14,81+,0,111,08/09/2020 03:15:02 PM
2020/05/15,81+,0,111,08/09/2020 03:15:02 PM
2020/05/16,81+,1,112,08/09/2020 03:15:02 PM
2020/05/17,81+,0,112,08/09/2020 03:15:02 PM
2020/05/18,81+,1,113,08/09/2020 03:15:02 PM
2020/05/19,81+,0,113,08/09/2020 03:15:02 PM
2020/05/20,81+,1,114,08/09/2020 03:15:02 PM
2020/05/21,81+,1,115,08/09/2020 03:15:02 PM
2020/05/22,81+,1,116,08/09/2020 03:15:02 PM
2020/05/23,81+,0,116,08/09/2020 03:15:02 PM
2020/05/24,81+,0,116,08/09/2020 03:15:02 PM
2020/05/25,81+,0,116,08/09/2020 03:15:02 PM
2020/05/26,81+,0,116,08/09/2020 03:15:02 PM
2020/05/27,81+,1,117,08/09/2020 03:15:02 PM
2020/05/28,81+,2,119,08/09/2020 03:15:02 PM
2020/05/29,81+,0,119,08/09/2020 03:15:02 PM
2020/05/30,81+,0,119,08/09/2020 03:15:02 PM
2020/05/31,81+,0,119,08/09/2020 03:15:02 PM
2020/06/01,81+,1,120,08/09/2020 03:15:02 PM
2020/06/02,81+,1,121,08/09/2020 03:15:02 PM
2020/06/03,81+,0,121,08/09/2020 03:15:02 PM
2020/06/04,81+,1,122,08/09/2020 03:15:02 PM
2020/06/05,81+,4,126,08/09/2020 03:15:02 PM
2020/06/06,81+,0,126,08/09/2020 03:15:02 PM
2020/06/07,81+,0,126,08/09/2020 03:15:02 PM
2020/06/08,81+,2,128,08/09/2020 03:15:02 PM
2020/06/09,81+,0,128,08/09/2020 03:15:02 PM
2020/06/10,81+,1,129,08/09/2020 03:15:02 PM
2020/06/11,81+,0,129,08/09/2020 03:15:02 PM
2020/06/12,81+,0,129,08/09/2020 03:15:02 PM
2020/06/13,81+,0,129,08/09/2020 03:15:02 PM
2020/06/14,81+,0,129,08/09/2020 03:15:02 PM
2020/06/15,81+,0,129,08/09/2020 03:15:02 PM
2020/06/16,81+,0,129,08/09/2020 03:15:02 PM
2020/06/17,81+,0,129,08/09/2020 03:15:02 PM
2020/06/18,81+,0,129,08/09/2020 03:15:02 PM
2020/06/19,81+,2,131,08/09/2020 03:15:02 PM
2020/06/20,81+,0,131,08/09/2020 03:15:02 PM
2020/06/21,81+,0,131,08/09/2020 03:15:02 PM
2020/06/22,81+,0,131,08/09/2020 03:15:02 PM
2020/06/23,81+,0,131,08/09/2020 03:15:02 PM
2020/06/24,81+,0,131,08/09/2020 03:15:02 PM
2020/06/25,81+,2,133,08/09/2020 03:15:02 PM
2020/06/26,81+,1,134,08/09/2020 03:15:02 PM
2020/06/27,81+,1,135,08/09/2020 03:15:02 PM
2020/06/28,81+,2,137,08/09/2020 03:15:02 PM
2020/06/29,81+,1,138,08/09/2020 03:15:02 PM
2020/06/30,81+,1,139,08/09/2020 03:15:02 PM
2020/07/01,81+,1,140,08/09/2020 03:15:02 PM
2020/07/02,81+,2,142,08/09/2020 03:15:02 PM
2020/07/03,81+,0,142,08/09/2020 03:15:02 PM
2020/07/04,81+,0,142,08/09/2020 03:15:02 PM
2020/07/05,81+,3,145,08/09/2020 03:15:02 PM
2020/07/06,81+,2,147,08/09/2020 03:15:02 PM
2020/07/07,81+,2,149,08/09/2020 03:15:02 PM
2020/07/08,81+,2,151,08/09/2020 03:15:02 PM
2020/07/09,81+,1,152,08/09/2020 03:15:02 PM
2020/07/10,81+,1,153,08/09/2020 03:15:02 PM
2020/07/11,81+,1,154,08/09/2020 03:15:02 PM
2020/07/12,81+,1,155,08/09/2020 03:15:02 PM
2020/07/13,81+,2,157,08/09/2020 03:15:02 PM
2020/07/14,81+,4,161,08/09/2020 03:15:02 PM
2020/07/15,81+,1,162,08/09/2020 03:15:02 PM
2020/07/16,81+,1,163,08/09/2020 03:15:02 PM
2020/07/17,81+,2,165,08/09/2020 03:15:02 PM
2020/07/18,81+,0,165,08/09/2020 03:15:02 PM
2020/07/19,81+,0,165,08/09/2020 03:15:02 PM
2020/07/20,81+,1,166,08/09/2020 03:15:02 PM
2020/07/21,81+,2,168,08/09/2020 03:15:02 PM
2020/07/22,81+,0,168,08/09/2020 03:15:02 PM
2020/07/23,81+,2,170,08/09/2020 03:15:02 PM
2020/07/24,81+,1,171,08/09/2020 03:15:02 PM
2020/07/25,81+,1,172,08/09/2020 03:15:02 PM
2020/07/26,81+,1,173,08/09/2020 03:15:02 PM
2020/07/27,81+,0,173,08/09/2020 03:15:02 PM
2020/07/28,81+,1,174,08/09/2020 03:15:02 PM
2020/07/29,81+,6,180,08/09/2020 03:15:02 PM
2020/07/30,81+,1,181,08/09/2020 03:15:02 PM
2020/07/31,81+,2,183,08/09/2020 03:15:02 PM
2020/08/01,81+,9,192,08/09/2020 03:15:02 PM
2020/08/02,81+,1,193,08/09/2020 03:15:02 PM
2020/08/03,81+,2,195,08/09/2020 03:15:02 PM
2020/08/04,81+,3,198,08/09/2020 03:15:02 PM
2020/08/05,81+,2,200,08/09/2020 03:15:02 PM
2020/08/06,81+,4,204,08/09/2020 03:15:02 PM
2020/08/07,81+,0,204,08/09/2020 03:15:02 PM
2020/08/08,81+,0,204,08/09/2020 03:15:02 PM
2020/04/04,under 18,1,5,08/09/2020 03:15:02 PM
2020/04/05,under 18,0,5,08/09/2020 03:15:02 PM
2020/04/06,under 18,2,7,08/09/2020 03:15:02 PM
2020/04/07,under 18,6,13,08/09/2020 03:15:02 PM
2020/04/08,under 18,1,14,08/09/2020 03:15:02 PM
2020/04/09,under 18,2,16,08/09/2020 03:15:02 PM
2020/04/10,under 18,1,17,08/09/2020 03:15:02 PM
2020/04/11,under 18,1,18,08/09/2020 03:15:02 PM
2020/04/12,under 18,0,18,08/09/2020 03:15:02 PM
2020/04/13,under 18,3,21,08/09/2020 03:15:02 PM
2020/04/14,under 18,0,21,08/09/2020 03:15:02 PM
2020/04/15,under 18,0,21,08/09/2020 03:15:02 PM
2020/04/16,under 18,1,22,08/09/2020 03:15:02 PM
2020/04/17,under 18,0,22,08/09/2020 03:15:02 PM
2020/04/18,under 18,2,24,08/09/2020 03:15:02 PM
2020/04/19,under 18,0,24,08/09/2020 03:15:02 PM
2020/04/20,under 18,2,26,08/09/2020 03:15:02 PM
2020/04/21,under 18,2,28,08/09/2020 03:15:02 PM
2020/04/22,under 18,4,32,08/09/2020 03:15:02 PM
2020/04/23,under 18,1,33,08/09/2020 03:15:02 PM
2020/04/24,under 18,2,35,08/09/2020 03:15:02 PM
2020/04/25,under 18,5,40,08/09/2020 03:15:02 PM
2020/04/26,under 18,2,42,08/09/2020 03:15:02 PM
2020/04/27,under 18,3,45,08/09/2020 03:15:02 PM
2020/04/28,under 18,7,52,08/09/2020 03:15:02 PM
2020/04/29,under 18,3,55,08/09/2020 03:15:02 PM
2020/04/30,under 18,3,58,08/09/2020 03:15:02 PM
2020/05/01,under 18,3,61,08/09/2020 03:15:02 PM
2020/05/02,under 18,6,67,08/09/2020 03:15:02 PM
2020/05/03,under 18,2,69,08/09/2020 03:15:02 PM
2020/05/04,under 18,6,75,08/09/2020 03:15:02 PM
2020/05/05,under 18,0,75,08/09/2020 03:15:02 PM
2020/05/06,under 18,2,77,08/09/2020 03:15:02 PM
2020/05/07,under 18,4,81,08/09/2020 03:15:02 PM
2020/05/08,under 18,6,87,08/09/2020 03:15:02 PM
2020/05/09,under 18,0,87,08/09/2020 03:15:02 PM
2020/05/10,under 18,0,87,08/09/2020 03:15:02 PM
2020/05/11,under 18,3,90,08/09/2020 03:15:02 PM
2020/05/12,under 18,4,94,08/09/2020 03:15:02 PM
2020/05/13,under 18,1,95,08/09/2020 03:15:02 PM
2020/05/14,under 18,7,102,08/09/2020 03:15:02 PM
2020/05/15,under 18,5,107,08/09/2020 03:15:02 PM
2020/05/16,under 18,0,107,08/09/2020 03:15:02 PM
2020/05/17,under 18,1,108,08/09/2020 03:15:02 PM
2020/05/18,under 18,8,116,08/09/2020 03:15:02 PM
2020/05/19,under 18,7,123,08/09/2020 03:15:02 PM
2020/05/20,under 18,8,131,08/09/2020 03:15:02 PM
2020/05/21,under 18,5,136,08/09/2020 03:15:02 PM
2020/05/22,under 18,5,141,08/09/2020 03:15:02 PM
2020/05/23,under 18,3,144,08/09/2020 03:15:02 PM
2020/05/24,under 18,0,144,08/09/2020 03:15:02 PM
2020/05/25,under 18,0,144,08/09/2020 03:15:02 PM
2020/05/26,under 18,11,155,08/09/2020 03:15:02 PM
2020/05/27,under 18,8,163,08/09/2020 03:15:02 PM
2020/05/28,under 18,5,168,08/09/2020 03:15:02 PM
2020/05/29,under 18,3,171,08/09/2020 03:15:02 PM
2020/05/30,under 18,2,173,08/09/2020 03:15:02 PM
2020/05/31,under 18,2,175,08/09/2020 03:15:02 PM
2020/06/01,under 18,2,177,08/09/2020 03:15:02 PM
2020/06/02,under 18,10,187,08/09/2020 03:15:02 PM
2020/06/03,under 18,1,188,08/09/2020 03:15:02 PM
2020/06/04,under 18,2,190,08/09/2020 03:15:02 PM
2020/06/05,under 18,3,193,08/09/2020 03:15:02 PM
2020/06/06,under 18,3,196,08/09/2020 03:15:02 PM
2020/06/07,under 18,2,198,08/09/2020 03:15:02 PM
2020/06/08,under 18,5,203,08/09/2020 03:15:02 PM
2020/06/09,under 18,4,207,08/09/2020 03:15:02 PM
2020/06/10,under 18,1,208,08/09/2020 03:15:02 PM
2020/06/11,under 18,1,209,08/09/2020 03:15:02 PM
2020/06/12,under 18,2,211,08/09/2020 03:15:02 PM
2020/06/13,under 18,1,212,08/09/2020 03:15:02 PM
2020/06/14,under 18,1,213,08/09/2020 03:15:02 PM
2020/06/15,under 18,10,223,08/09/2020 03:15:02 PM
2020/06/16,under 18,10,233,08/09/2020 03:15:02 PM
2020/06/17,under 18,11,244,08/09/2020 03:15:02 PM
2020/06/18,under 18,2,246,08/09/2020 03:15:02 PM
2020/06/19,under 18,5,251,08/09/2020 03:15:02 PM
2020/06/20,under 18,4,255,08/09/2020 03:15:02 PM
2020/06/21,under 18,3,258,08/09/2020 03:15:02 PM
2020/06/22,under 18,11,269,08/09/2020 03:15:02 PM
2020/06/23,under 18,16,285,08/09/2020 03:15:02 PM
2020/06/24,under 18,9,294,08/09/2020 03:15:02 PM
2020/06/25,under 18,4,298,08/09/2020 03:15:02 PM
2020/06/26,under 18,7,305,08/09/2020 03:15:02 PM
2020/06/27,under 18,6,311,08/09/2020 03:15:02 PM
2020/06/28,under 18,7,318,08/09/2020 03:15:02 PM
2020/06/29,under 18,3,321,08/09/2020 03:15:02 PM
2020/06/30,under 18,17,338,08/09/2020 03:15:02 PM
2020/07/01,under 18,13,351,08/09/2020 03:15:02 PM
2020/07/02,under 18,6,357,08/09/2020 03:15:02 PM
2020/07/03,under 18,13,370,08/09/2020 03:15:02 PM
2020/07/04,under 18,0,370,08/09/2020 03:15:02 PM
2020/07/05,under 18,5,375,08/09/2020 03:15:02 PM
2020/07/06,under 18,5,380,08/09/2020 03:15:02 PM
2020/07/07,under 18,5,385,08/09/2020 03:15:02 PM
2020/07/08,under 18,7,392,08/09/2020 03:15:02 PM
2020/07/09,under 18,11,403,08/09/2020 03:15:02 PM
2020/07/10,under 18,16,419,08/09/2020 03:15:02 PM
2020/07/11,under 18,7,426,08/09/2020 03:15:02 PM
2020/07/12,under 18,6,432,08/09/2020 03:15:02 PM
2020/07/13,under 18,26,458,08/09/2020 03:15:02 PM
2020/07/14,under 18,22,480,08/09/2020 03:15:02 PM
2020/07/15,under 18,26,506,08/09/2020 03:15:02 PM
2020/07/16,under 18,17,523,08/09/2020 03:15:02 PM
2020/07/17,under 18,21,544,08/09/2020 03:15:02 PM
2020/07/18,under 18,15,559,08/09/2020 03:15:02 PM
2020/07/19,under 18,6,565,08/09/2020 03:15:02 PM
2020/07/20,under 18,16,581,08/09/2020 03:15:02 PM
2020/07/21,under 18,18,599,08/09/2020 03:15:02 PM
2020/07/22,under 18,12,611,08/09/2020 03:15:02 PM
2020/07/23,under 18,11,622,08/09/2020 03:15:02 PM
2020/07/24,under 18,9,631,08/09/2020 03:15:02 PM
2020/07/25,under 18,13,644,08/09/2020 03:15:02 PM
2020/07/26,under 18,7,651,08/09/2020 03:15:02 PM
2020/07/27,under 18,13,664,08/09/2020 03:15:02 PM
2020/07/28,under 18,9,673,08/09/2020 03:15:02 PM
2020/07/29,under 18,13,686,08/09/2020 03:15:02 PM
2020/07/30,under 18,19,705,08/09/2020 03:15:02 PM
2020/07/31,under 18,10,715,08/09/2020 03:15:02 PM
2020/08/01,under 18,8,723,08/09/2020 03:15:02 PM
2020/08/02,under 18,13,736,08/09/2020 03:15:02 PM
2020/08/03,under 18,10,746,08/09/2020 03:15:02 PM
2020/08/04,under 18,16,762,08/09/2020 03:15:02 PM
2020/08/05,under 18,12,774,08/09/2020 03:15:02 PM
2020/08/06,under 18,12,786,08/09/2020 03:15:02 PM
2020/08/07,under 18,4,790,08/09/2020 03:15:02 PM
2020/08/08,under 18,0,790,08/09/2020 03:15:02 PM
2020/03/05,41-50,4,5,08/09/2020 03:15:02 PM
2020/03/06,41-50,0,5,08/09/2020 03:15:02 PM
2020/03/07,41-50,0,5,08/09/2020 03:15:02 PM
2020/03/08,41-50,0,5,08/09/2020 03:15:02 PM
2020/03/09,41-50,0,5,08/09/2020 03:15:02 PM
2020/03/10,41-50,2,7,08/09/2020 03:15:02 PM
2020/03/11,41-50,2,9,08/09/2020 03:15:02 PM
2020/03/12,41-50,2,11,08/09/2020 03:15:02 PM
2020/03/13,41-50,4,15,08/09/2020 03:15:02 PM
2020/03/14,41-50,1,16,08/09/2020 03:15:02 PM
2020/03/15,41-50,0,16,08/09/2020 03:15:02 PM
2020/03/16,41-50,10,26,08/09/2020 03:15:02 PM
2020/03/17,41-50,3,29,08/09/2020 03:15:02 PM
2020/03/18,41-50,4,33,08/09/2020 03:15:02 PM
2020/03/19,41-50,4,37,08/09/2020 03:15:02 PM
2020/03/20,41-50,8,45,08/09/2020 03:15:02 PM
2020/03/21,41-50,1,46,08/09/2020 03:15:02 PM
2020/03/22,41-50,6,52,08/09/2020 03:15:02 PM
2020/03/23,41-50,4,56,08/09/2020 03:15:02 PM
2020/03/24,41-50,6,62,08/09/2020 03:15:02 PM
2020/03/25,41-50,9,71,08/09/2020 03:15:02 PM
2020/03/26,41-50,5,76,08/09/2020 03:15:02 PM
2020/03/27,41-50,9,85,08/09/2020 03:15:02 PM
2020/03/28,41-50,1,86,08/09/2020 03:15:02 PM
2020/03/29,41-50,2,88,08/09/2020 03:15:02 PM
2020/03/30,41-50,10,98,08/09/2020 03:15:02 PM
2020/03/31,41-50,12,110,08/09/2020 03:15:02 PM
2020/04/01,41-50,7,117,08/09/2020 03:15:02 PM
2020/04/02,41-50,4,121,08/09/2020 03:15:02 PM
2020/04/03,41-50,3,124,08/09/2020 03:15:02 PM
2020/04/04,41-50,5,129,08/09/2020 03:15:02 PM
2020/04/05,41-50,3,132,08/09/2020 03:15:02 PM
2020/04/06,41-50,11,143,08/09/2020 03:15:02 PM
2020/04/07,41-50,12,155,08/09/2020 03:15:02 PM
2020/04/08,41-50,16,171,08/09/2020 03:15:02 PM
2020/04/09,41-50,20,191,08/09/2020 03:15:02 PM
2020/04/10,41-50,5,196,08/09/2020 03:15:02 PM
2020/04/11,41-50,1,197,08/09/2020 03:15:02 PM
2020/04/12,41-50,0,197,08/09/2020 03:15:02 PM
2020/04/13,41-50,6,203,08/09/2020 03:15:02 PM
2020/04/14,41-50,11,214,08/09/2020 03:15:02 PM
2020/04/15,41-50,7,221,08/09/2020 03:15:02 PM
2020/04/16,41-50,5,226,08/09/2020 03:15:02 PM
2020/04/17,41-50,8,234,08/09/2020 03:15:02 PM
2020/04/18,41-50,4,238,08/09/2020 03:15:02 PM
2020/04/19,41-50,7,245,08/09/2020 03:15:02 PM
2020/04/20,41-50,8,253,08/09/2020 03:15:02 PM
2020/04/21,41-50,7,260,08/09/2020 03:15:02 PM
2020/04/22,41-50,5,265,08/09/2020 03:15:02 PM
2020/04/23,41-50,4,269,08/09/2020 03:15:02 PM
2020/04/24,41-50,3,272,08/09/2020 03:15:02 PM
2020/04/25,41-50,13,285,08/09/2020 03:15:02 PM
2020/04/26,41-50,5,290,08/09/2020 03:15:02 PM
2020/04/27,41-50,5,295,08/09/2020 03:15:02 PM
2020/04/28,41-50,10,305,08/09/2020 03:15:02 PM
2020/04/29,41-50,8,313,08/09/2020 03:15:02 PM
2020/04/30,41-50,5,318,08/09/2020 03:15:02 PM
2020/05/01,41-50,8,326,08/09/2020 03:15:02 PM
2020/05/02,41-50,4,330,08/09/2020 03:15:02 PM
2020/05/03,41-50,2,332,08/09/2020 03:15:02 PM
2020/05/04,41-50,16,348,08/09/2020 03:15:02 PM
2020/05/05,41-50,14,362,08/09/2020 03:15:02 PM
2020/05/06,41-50,7,369,08/09/2020 03:15:02 PM
2020/05/07,41-50,6,375,08/09/2020 03:15:02 PM
2020/05/08,41-50,7,382,08/09/2020 03:15:02 PM
2020/05/09,41-50,0,382,08/09/2020 03:15:02 PM
2020/05/10,41-50,1,383,08/09/2020 03:15:02 PM
2020/05/11,41-50,4,387,08/09/2020 03:15:02 PM
2020/05/12,41-50,6,393,08/09/2020 03:15:02 PM
2020/05/13,41-50,9,402,08/09/2020 03:15:02 PM
2020/05/14,41-50,4,406,08/09/2020 03:15:02 PM
2020/05/15,41-50,6,412,08/09/2020 03:15:02 PM
2020/05/16,41-50,1,413,08/09/2020 03:15:02 PM
2020/05/17,41-50,0,413,08/09/2020 03:15:02 PM
2020/05/18,41-50,6,419,08/09/2020 03:15:02 PM
2020/05/19,41-50,6,425,08/09/2020 03:15:02 PM
2020/05/20,41-50,12,437,08/09/2020 03:15:02 PM
2020/05/21,41-50,4,441,08/09/2020 03:15:02 PM
2020/05/22,41-50,5,446,08/09/2020 03:15:02 PM
2020/05/23,41-50,1,447,08/09/2020 03:15:02 PM
2020/05/24,41-50,2,449,08/09/2020 03:15:02 PM
2020/05/25,41-50,2,451,08/09/2020 03:15:02 PM
2020/05/26,41-50,5,456,08/09/2020 03:15:02 PM
2020/05/27,41-50,2,458,08/09/2020 03:15:02 PM
2020/05/28,41-50,3,461,08/09/2020 03:15:02 PM
2020/05/29,41-50,6,467,08/09/2020 03:15:02 PM
2020/05/30,41-50,3,470,08/09/2020 03:15:02 PM
2020/05/31,41-50,4,474,08/09/2020 03:15:02 PM
2020/06/01,41-50,8,482,08/09/2020 03:15:02 PM
2020/06/02,41-50,9,491,08/09/2020 03:15:02 PM
2020/06/03,41-50,2,493,08/09/2020 03:15:02 PM
2020/06/04,41-50,2,495,08/09/2020 03:15:02 PM
2020/06/05,41-50,3,498,08/09/2020 03:15:02 PM
2020/06/06,41-50,6,504,08/09/2020 03:15:02 PM
2020/06/07,41-50,5,509,08/09/2020 03:15:02 PM
2020/06/08,41-50,6,515,08/09/2020 03:15:02 PM
2020/06/09,41-50,8,523,08/09/2020 03:15:02 PM
2020/06/10,41-50,6,529,08/09/2020 03:15:02 PM
2020/06/11,41-50,4,533,08/09/2020 03:15:02 PM
2020/06/12,41-50,6,539,08/09/2020 03:15:02 PM
2020/06/13,41-50,4,543,08/09/2020 03:15:02 PM
2020/06/14,41-50,3,546,08/09/2020 03:15:02 PM
2020/06/15,41-50,5,551,08/09/2020 03:15:02 PM
2020/06/16,41-50,9,560,08/09/2020 03:15:02 PM
2020/06/17,41-50,7,567,08/09/2020 03:15:02 PM
2020/06/18,41-50,8,575,08/09/2020 03:15:02 PM
2020/06/19,41-50,6,581,08/09/2020 03:15:02 PM
2020/06/20,41-50,8,589,08/09/2020 03:15:02 PM
2020/06/21,41-50,6,595,08/09/2020 03:15:02 PM
2020/06/22,41-50,16,611,08/09/2020 03:15:02 PM
2020/06/23,41-50,15,626,08/09/2020 03:15:02 PM
2020/06/24,41-50,10,636,08/09/2020 03:15:02 PM
2020/06/25,41-50,4,640,08/09/2020 03:15:02 PM
2020/06/26,41-50,5,645,08/09/2020 03:15:02 PM
2020/06/27,41-50,4,649,08/09/2020 03:15:02 PM
2020/06/28,41-50,2,651,08/09/2020 03:15:02 PM
2020/06/29,41-50,15,666,08/09/2020 03:15:02 PM
2020/06/30,41-50,13,679,08/09/2020 03:15:02 PM
2020/07/01,41-50,9,688,08/09/2020 03:15:02 PM
2020/07/02,41-50,14,702,08/09/2020 03:15:02 PM
2020/07/03,41-50,23,725,08/09/2020 03:15:02 PM
2020/07/04,41-50,0,725,08/09/2020 03:15:02 PM
2020/07/05,41-50,7,732,08/09/2020 03:15:02 PM
2020/07/06,41-50,15,747,08/09/2020 03:15:02 PM
2020/07/07,41-50,13,760,08/09/2020 03:15:02 PM
2020/07/08,41-50,16,776,08/09/2020 03:15:02 PM
2020/07/09,41-50,9,785,08/09/2020 03:15:02 PM
2020/07/10,41-50,23,808,08/09/2020 03:15:02 PM
2020/07/11,41-50,11,819,08/09/2020 03:15:02 PM
2020/07/12,41-50,13,832,08/09/2020 03:15:02 PM
2020/07/13,41-50,18,850,08/09/2020 03:15:02 PM
2020/07/14,41-50,23,873,08/09/2020 03:15:02 PM
2020/07/15,41-50,20,893,08/09/2020 03:15:02 PM
2020/07/16,41-50,27,920,08/09/2020 03:15:02 PM
2020/07/17,41-50,21,941,08/09/2020 03:15:02 PM
2020/07/18,41-50,8,949,08/09/2020 03:15:02 PM
2020/07/19,41-50,14,963,08/09/2020 03:15:02 PM
2020/07/20,41-50,21,984,08/09/2020 03:15:02 PM
2020/07/21,41-50,20,1004,08/09/2020 03:15:02 PM
2020/07/22,41-50,20,1024,08/09/2020 03:15:02 PM
2020/07/23,41-50,23,1047,08/09/2020 03:15:02 PM
2020/07/24,41-50,23,1070,08/09/2020 03:15:02 PM
2020/07/25,41-50,13,1083,08/09/2020 03:15:02 PM
2020/07/26,41-50,7,1090,08/09/2020 03:15:02 PM
2020/07/27,41-50,14,1104,08/09/2020 03:15:02 PM
2020/07/28,41-50,16,1120,08/09/2020 03:15:02 PM
2020/07/29,41-50,20,1140,08/09/2020 03:15:02 PM
2020/07/30,41-50,24,1164,08/09/2020 03:15:02 PM
2020/07/31,41-50,21,1185,08/09/2020 03:15:02 PM
2020/08/01,41-50,9,1194,08/09/2020 03:15:02 PM
2020/08/02,41-50,4,1198,08/09/2020 03:15:02 PM
2020/08/03,41-50,12,1210,08/09/2020 03:15:02 PM
2020/08/04,41-50,13,1223,08/09/2020 03:15:02 PM
2020/08/05,41-50,12,1235,08/09/2020 03:15:02 PM
2020/08/06,41-50,13,1248,08/09/2020 03:15:02 PM
2020/08/07,41-50,7,1255,08/09/2020 03:15:02 PM
2020/08/08,41-50,0,1255,08/09/2020 03:15:02 PM
2020/03/16,61-70,4,7,08/09/2020 03:15:02 PM
2020/03/17,61-70,1,8,08/09/2020 03:15:02 PM
2020/03/18,61-70,1,9,08/09/2020 03:15:02 PM
2020/03/19,61-70,1,10,08/09/2020 03:15:02 PM
2020/03/20,61-70,6,16,08/09/2020 03:15:02 PM
2020/03/21,61-70,1,17,08/09/2020 03:15:02 PM
2020/03/22,61-70,3,20,08/09/2020 03:15:02 PM
2020/03/23,61-70,3,23,08/09/2020 03:15:02 PM
2020/03/24,61-70,4,27,08/09/2020 03:15:02 PM
2020/03/25,61-70,8,35,08/09/2020 03:15:02 PM
2020/03/26,61-70,6,41,08/09/2020 03:15:02 PM
2020/03/27,61-70,5,46,08/09/2020 03:15:02 PM
2020/03/28,61-70,3,49,08/09/2020 03:15:02 PM
2020/03/29,61-70,1,50,08/09/2020 03:15:02 PM
2020/03/30,61-70,8,58,08/09/2020 03:15:02 PM
2020/03/31,61-70,6,64,08/09/2020 03:15:02 PM
2020/04/01,61-70,4,68,08/09/2020 03:15:02 PM
2020/04/02,61-70,4,72,08/09/2020 03:15:02 PM
2020/04/03,61-70,3,75,08/09/2020 03:15:02 PM
2020/04/04,61-70,0,75,08/09/2020 03:15:02 PM
2020/04/05,61-70,4,79,08/09/2020 03:15:02 PM
2020/04/06,61-70,9,88,08/09/2020 03:15:02 PM
2020/04/07,61-70,4,92,08/09/2020 03:15:02 PM
2020/04/08,61-70,9,101,08/09/2020 03:15:02 PM
2020/04/09,61-70,12,113,08/09/2020 03:15:02 PM
2020/04/10,61-70,3,116,08/09/2020 03:15:02 PM
2020/04/11,61-70,3,119,08/09/2020 03:15:02 PM
2020/04/12,61-70,1,120,08/09/2020 03:15:02 PM
2020/04/13,61-70,6,126,08/09/2020 03:15:02 PM
2020/04/14,61-70,6,132,08/09/2020 03:15:02 PM
2020/04/15,61-70,8,140,08/09/2020 03:15:02 PM
2020/04/16,61-70,2,142,08/09/2020 03:15:02 PM
2020/04/17,61-70,3,145,08/09/2020 03:15:02 PM
2020/04/18,61-70,1,146,08/09/2020 03:15:02 PM
2020/04/19,61-70,6,152,08/09/2020 03:15:02 PM
2020/04/20,61-70,4,156,08/09/2020 03:15:02 PM
2020/04/21,61-70,3,159,08/09/2020 03:15:02 PM
2020/04/22,61-70,7,166,08/09/2020 03:15:02 PM
2020/04/23,61-70,8,174,08/09/2020 03:15:02 PM
2020/04/24,61-70,2,176,08/09/2020 03:15:02 PM
2020/04/25,61-70,3,179,08/09/2020 03:15:02 PM
2020/04/26,61-70,2,181,08/09/2020 03:15:02 PM
2020/04/27,61-70,3,184,08/09/2020 03:15:02 PM
2020/04/28,61-70,2,186,08/09/2020 03:15:02 PM
2020/04/29,61-70,7,193,08/09/2020 03:15:02 PM
2020/04/30,61-70,4,197,08/09/2020 03:15:02 PM
2020/05/01,61-70,2,199,08/09/2020 03:15:02 PM
2020/05/02,61-70,5,204,08/09/2020 03:15:02 PM
2020/05/03,61-70,0,204,08/09/2020 03:15:02 PM
2020/05/04,61-70,3,207,08/09/2020 03:15:02 PM
2020/05/05,61-70,1,208,08/09/2020 03:15:02 PM
2020/05/06,61-70,2,210,08/09/2020 03:15:02 PM
2020/05/07,61-70,1,211,08/09/2020 03:15:02 PM
2020/05/08,61-70,3,214,08/09/2020 03:15:02 PM
2020/05/09,61-70,1,215,08/09/2020 03:15:02 PM
2020/05/10,61-70,0,215,08/09/2020 03:15:02 PM
2020/05/11,61-70,1,216,08/09/2020 03:15:02 PM
2020/05/12,61-70,2,218,08/09/2020 03:15:02 PM
2020/05/13,61-70,2,220,08/09/2020 03:15:02 PM
2020/05/14,61-70,3,223,08/09/2020 03:15:02 PM
2020/05/15,61-70,4,227,08/09/2020 03:15:02 PM
2020/05/16,61-70,1,228,08/09/2020 03:15:02 PM
2020/05/17,61-70,1,229,08/09/2020 03:15:02 PM
2020/05/18,61-70,1,230,08/09/2020 03:15:02 PM
2020/05/19,61-70,0,230,08/09/2020 03:15:02 PM
2020/05/20,61-70,2,232,08/09/2020 03:15:02 PM
2020/05/21,61-70,1,233,08/09/2020 03:15:02 PM
2020/05/22,61-70,0,233,08/09/2020 03:15:02 PM
2020/05/23,61-70,2,235,08/09/2020 03:15:02 PM
2020/05/24,61-70,0,235,08/09/2020 03:15:02 PM
2020/05/25,61-70,1,236,08/09/2020 03:15:02 PM
2020/05/26,61-70,0,236,08/09/2020 03:15:02 PM
2020/05/27,61-70,1,237,08/09/2020 03:15:02 PM
2020/05/28,61-70,1,238,08/09/2020 03:15:02 PM
2020/05/29,61-70,1,239,08/09/2020 03:15:02 PM
2020/05/30,61-70,2,241,08/09/2020 03:15:02 PM
2020/05/31,61-70,3,244,08/09/2020 03:15:02 PM
2020/06/01,61-70,2,246,08/09/2020 03:15:02 PM
2020/06/02,61-70,3,249,08/09/2020 03:15:02 PM
2020/06/03,61-70,3,252,08/09/2020 03:15:02 PM
2020/06/04,61-70,3,255,08/09/2020 03:15:02 PM
2020/06/05,61-70,3,258,08/09/2020 03:15:02 PM
2020/06/06,61-70,1,259,08/09/2020 03:15:02 PM
2020/06/07,61-70,1,260,08/09/2020 03:15:02 PM
2020/06/08,61-70,2,262,08/09/2020 03:15:02 PM
2020/06/09,61-70,1,263,08/09/2020 03:15:02 PM
2020/06/10,61-70,0,263,08/09/2020 03:15:02 PM
2020/06/11,61-70,2,265,08/09/2020 03:15:02 PM
2020/06/12,61-70,5,270,08/09/2020 03:15:02 PM
2020/06/13,61-70,1,271,08/09/2020 03:15:02 PM
2020/06/14,61-70,0,271,08/09/2020 03:15:02 PM
2020/06/15,61-70,1,272,08/09/2020 03:15:02 PM
2020/06/16,61-70,3,275,08/09/2020 03:15:02 PM
2020/06/17,61-70,1,276,08/09/2020 03:15:02 PM
2020/06/18,61-70,1,277,08/09/2020 03:15:02 PM
2020/06/19,61-70,4,281,08/09/2020 03:15:02 PM
2020/06/20,61-70,1,282,08/09/2020 03:15:02 PM
2020/06/21,61-70,1,283,08/09/2020 03:15:02 PM
2020/06/22,61-70,5,288,08/09/2020 03:15:02 PM
2020/06/23,61-70,6,294,08/09/2020 03:15:02 PM
2020/06/24,61-70,3,297,08/09/2020 03:15:02 PM
2020/06/25,61-70,1,298,08/09/2020 03:15:02 PM
2020/06/26,61-70,6,304,08/09/2020 03:15:02 PM
2020/06/27,61-70,4,308,08/09/2020 03:15:02 PM
2020/06/28,61-70,2,310,08/09/2020 03:15:02 PM
2020/06/29,61-70,3,313,08/09/2020 03:15:02 PM
2020/06/30,61-70,5,318,08/09/2020 03:15:02 PM
2020/07/01,61-70,4,322,08/09/2020 03:15:02 PM
2020/07/02,61-70,3,325,08/09/2020 03:15:02 PM
2020/07/03,61-70,1,326,08/09/2020 03:15:02 PM
2020/07/04,61-70,0,326,08/09/2020 03:15:02 PM
2020/07/05,61-70,2,328,08/09/2020 03:15:02 PM
2020/07/06,61-70,6,334,08/09/2020 03:15:02 PM
2020/07/07,61-70,5,339,08/09/2020 03:15:02 PM
2020/07/08,61-70,7,346,08/09/2020 03:15:02 PM
2020/07/09,61-70,3,349,08/09/2020 03:15:02 PM
2020/07/10,61-70,9,358,08/09/2020 03:15:02 PM
2020/07/11,61-70,5,363,08/09/2020 03:15:02 PM
2020/07/12,61-70,4,367,08/09/2020 03:15:02 PM
2020/07/13,61-70,9,376,08/09/2020 03:15:02 PM
2020/07/14,61-70,11,387,08/09/2020 03:15:02 PM
2020/07/15,61-70,9,396,08/09/2020 03:15:02 PM
2020/07/16,61-70,7,403,08/09/2020 03:15:02 PM
2020/07/17,61-70,7,410,08/09/2020 03:15:02 PM
2020/07/18,61-70,4,414,08/09/2020 03:15:02 PM
2020/07/19,61-70,4,418,08/09/2020 03:15:02 PM
2020/07/20,61-70,9,427,08/09/2020 03:15:02 PM
2020/07/21,61-70,11,438,08/09/2020 03:15:02 PM
2020/07/22,61-70,8,446,08/09/2020 03:15:02 PM
2020/07/23,61-70,5,451,08/09/2020 03:15:02 PM
2020/07/24,61-70,7,458,08/09/2020 03:15:02 PM
2020/07/25,61-70,3,461,08/09/2020 03:15:02 PM
2020/07/26,61-70,3,464,08/09/2020 03:15:02 PM
2020/07/27,61-70,3,467,08/09/2020 03:15:02 PM
2020/07/28,61-70,8,475,08/09/2020 03:15:02 PM
2020/07/29,61-70,7,482,08/09/2020 03:15:02 PM
2020/07/30,61-70,11,493,08/09/2020 03:15:02 PM
2020/07/31,61-70,10,503,08/09/2020 03:15:02 PM
2020/08/01,61-70,3,506,08/09/2020 03:15:02 PM
2020/08/02,61-70,3,509,08/09/2020 03:15:02 PM
2020/08/03,61-70,9,518,08/09/2020 03:15:02 PM
2020/08/04,61-70,7,525,08/09/2020 03:15:02 PM
2020/08/05,61-70,5,530,08/09/2020 03:15:02 PM
2020/08/06,61-70,1,531,08/09/2020 03:15:02 PM
2020/08/07,61-70,2,533,08/09/2020 03:15:02 PM
2020/08/08,61-70,0,533,08/09/2020 03:15:02 PM
